nivel,volume_chamados,custo_medio,custo_total,perc_resolucao
NÍVEL 2,5400,1.524231876139,8230.85213115,0.7666666666666667
NÍVEL 1,6000,0.650446355480,3902.67813288,0.2418333333333333
Autosserviço,18600,0.037099962243,690.05929772,0.3303763440860215
